<?xml version="1.0"?>

<project name="PMD">
  <title>PMD</title>
  <organizationLogo href="http://sourceforge.net/sflogo.php?group_id=56262&amp;type=5" />
  <body>
    <links>
     <item name="**** Get the book! ****"
          href="http://pmdapplied.com/"/>
      <item name="PMD (site from current CVS)"
            href="http://pmd.sourceforge.net/current/" />
      <item name="SourceForge.net Project Page" 
            href="http://sourceforge.net/projects/pmd" />
      <item name="Hosted by SourceForge" 
            href="http://sourceforge.net" />
    </links>
    <menu name="Overview">
      <item name="Download PMD 3.7" href="http://sourceforge.net/project/showfiles.php?group_id=56262&amp;package_id=51441&amp;release_id=405661" />
      <item name="What's new in PMD 3.7" href="http://sourceforge.net/project/shownotes.php?release_id=405661&amp;group_id=56262" />
      <item name="PMD in the news" href="/news.html" />
      <item name="PMD-related products and books" href="/products.html" />
      <item name="Best practices" href="/bestpractices.html" />
      <item name="Future directions" href="/future.html" />
      <item name="Similar projects" href="/similar-projects.html" />
      <item name="Credits" href="/credits.html" />
      <item name="License" href="/license.html" />
      <item name="What does 'PMD' mean?" href="/meaning.html" />
    </menu>
    <menu name="Usage">
      <item name="Installation" href="/installing.html" />
      <item name="Command line usage" href="/running.html" />
      <item name="Ant task usage" href="/ant-task.html" />
      <item name="Maven plugin usage" href="/maven-plugin.html" />
      <item name="IDE plugin usage" href="/integrations.html" />
      <item name="Suppressing warnings" href="/suppressing.html" />
      <item name="Finding duplicated code" href="/cpd.html" />
      <item name="JSP support" href="/jspsupport.html" />
    </menu>
    <menu name="Customizing PMD">
        <item name="Compiling PMD" href="/compiling.html" />
        <item name="How to write a rule" href="/howtowritearule.html" />
        <item name="Writing XPath rules" href="/xpathruletutorial.html" />
        <item name="How to make a rule set" href="/howtomakearuleset.html" />
        <item name="How it works" href="/howitworks.html" />
    </menu>
    <menu name="For example">
      <item name="Run PMD on a Sourceforge project" href="/scoreboard.html" />
    </menu>
    <menu name="Rule Sets">
        <item name="Index"  href="/rules/index.html"/>
        <item name="Basic" href="/rules/basic.html" />
        <item name="Braces" href="/rules/braces.html" />
        <item name="Code Size" href="/rules/codesize.html" />
        <item name="Clone" href="/rules/clone.html" />
        <item name="Controversial" href="/rules/controversial.html" />
        <item name="Coupling" href="/rules/coupling.html" />
        <item name="Design" href="/rules/design.html" />
        <item name="Finalizers" href="/rules/finalizers.html" />
        <item name="Import Statements" href="/rules/imports.html" />
        <item name="J2EE" href="/rules/j2ee.html" />
        <item name="Javabeans" href="/rules/javabeans.html" />
        <item name="JUnit Tests" href="/rules/junit.html" />
        <item name="Logging (Java)" href="/rules/logging-java.html" />
        <item name="Logging (Jakarta)" href="/rules/logging-jakarta-commons.html" />
        <item name="Migrating" href="/rules/migrating.html" />
        <item name="Naming" href="/rules/naming.html" />
        <item name="Optimizations" href="/rules/optimizations.html" />
        <item name="Strict Exceptions" href="/rules/strictexception.html" />
        <item name="Strings" href="/rules/strings.html" />
        <item name="Sun Security" href="/rules/sunsecure.html" />
        <item name="Unused Code" href="/rules/unusedcode.html" />
        <item name="Java Server Pages" href="/rules/basic-jsp.html" />
        <item name="Java Server Faces" href="/rules/basic-jsf.html" />
    </menu>
  </body>
</project>
